participant, training, transfer, similarity, ntrans
A1MYDAL453CN5Q,aaaabababababab,ababbababbababb,2,14
A1DKVUTOBPQH11,aaaabababababab,ababbababbababb,2,14
A3RS7UCO7CQ74R,aaaabababababab,ababbababbababb,4,14
A109MLAWERUIBG,aaaabababababab,ababbababbababb,1,14
A39YBLQYIUBR76,aaaabababababab,ababbababbababb,1,14
A3AFC26CB0AXMI,aaaabababababab,ababbababbababb,4,14
A3L2UB07EZJAMD,aaaabababababab,ababbababbababb,2,14
A3MD34XEB4H6JF,aaaabababababab,ababbababbababb,2,14
A10DEO061A6L3O,aaaabababababab,ababbababbababb,4,14
A38TZK07ON180S,aaaabababababab,ababbababbababb,4,14
A8TK3JACM5EM,aaaabababababab,ababbababbababb,4,14
A2S8ZTPKX3B928,aaaabababababab,ababbababbababb,2,14
A3RHGIM99R25Q9,aaaabababababab,ababbababbababb,4,14
A3RHGIM99R25Q9,aaaabababababab,ababbababbababb,4,14
A2WCXJZEXXR60A,aaaabababababab,ababbababbababb,2,14
A4J4GGMKJ68L0,aaaabababababab,ababbababbababb,4,14
A12R2U6TBB3OOG,aaaabababababab,ababbababbababb,2,14
A1DKVUTOBPQH11,abaabaaabaaaaba,bbbbbababababab,1,14
A1OZPLHNIU1519,abaabaaabaaaaba,bbbbbababababab,2,14
A1OZPLHNIU1519,abaabaaabaaaaba,bbbbbababababab,1,14
A39YBLQYIUBR76,abaabaaabaaaaba,bbbbbababababab,1,14
A340UGIDGIF4W6,abaabaaabaaaaba,bbbbbababababab,2,14
A2OTDMCV8CZWML,abaabaaabaaaaba,bbbbbababababab,2,14
A3FJE9AUW0O41D,abaabaaabaaaaba,bbbbbababababab,2,14
A3L2UB07EZJAMD,abaabaaabaaaaba,bbbbbababababab,1,14
A29HDBGSELFSUY,abaabaaabaaaaba,bbbbbababababab,1,14
A1X84T4EFW04GZ,abaabaaabaaaaba,bbbbbababababab,2,14
A1X84T4EFW04GZ,abaabaaabaaaaba,bbbbbababababab,2,14
A2LRC60NMMJHEW,abaabaaabaaaaba,bbbbbababababab,2,14
AA7ASGQEOMKEZ,abaabaaabaaaaba,bbbbbababababab,1,14
A8TK3JACM5EM,abaabaaabaaaaba,bbbbbababababab,2,14
A1ZB2NY0F9QNP0,abaabaaabaaaaba,bbbbbababababab,2,14
A1WOV2JIV5I9VE,abaabaaabaaaaba,bbbbbababababab,2,14
A3RHGIM99R25Q9,abaabaaabaaaaba,bbbbbababababab,2,14
A2OVX9UW5WANQE,abaabaaabaaaaba,bbbbbababababab,3,14
A2WCXJZEXXR60A,abaabaaabaaaaba,bbbbbababababab,1,14
A4J4GGMKJ68L0,abaabaaabaaaaba,bbbbbababababab,1,14
A3KVNVHIYT3JI8,abaabaaabaaaaba,bbbbbababababab,4,14
A4IH4CO046EV3,abaabaaabaaaaba,bbbbbababababab,1,14
A21ZMR7O42OSMI,babaababaababaa,aaaaaabbbbbbbbb,2,11
A2TBXASXZIRNNW,babaababaababaa,aaaaaabbbbbbbbb,2,11
A2OTDMCV8CZWML,babaababaababaa,aaaaaabbbbbbbbb,2,11
AETIZKQNUSBLB,babaababaababaa,aaaaaabbbbbbbbb,2,11
A3FAH5S2RGZ5AK,babaababaababaa,aaaaaabbbbbbbbb,3,11
A3FAH5S2RGZ5AK,babaababaababaa,aaaaaabbbbbbbbb,4,11
A1U6A617Q95MTZ,babaababaababaa,aaaaaabbbbbbbbb,1,11
A1X84T4EFW04GZ,babaababaababaa,aaaaaabbbbbbbbb,4,11
A1S3KHENQOCCVE,babaababaababaa,aaaaaabbbbbbbbb,2,11
A245RS8249R2TA,babaababaababaa,aaaaaabbbbbbbbb,1,11
A1WOV2JIV5I9VE,babaababaababaa,aaaaaabbbbbbbbb,2,11
A4J4GGMKJ68L0,babaababaababaa,aaaaaabbbbbbbbb,1,11
A4J4GGMKJ68L0,babaababaababaa,aaaaaabbbbbbbbb,1,11
A3KVNVHIYT3JI8,babaababaababaa,aaaaaabbbbbbbbb,4,11
A4IH4CO046EV3,babaababaababaa,aaaaaabbbbbbbbb,1,11
A4IH4CO046EV3,babaababaababaa,aaaaaabbbbbbbbb,1,11
A4IH4CO046EV3,babaababaababaa,aaaaaabbbbbbbbb,1,11
A2WGW5Y3ZFBDEC,bbaaaabbaaaabba,aaaaaabbbbbbbbb,1,9
A3AFC26CB0AXMI,bbaaaabbaaaabba,aaaaaabbbbbbbbb,2,9
A3AFC26CB0AXMI,bbaaaabbaaaabba,aaaaaabbbbbbbbb,2,9
A1U6A617Q95MTZ,bbaaaabbaaaabba,aaaaaabbbbbbbbb,1,9
A3FBV53GPOAG8X,bbaaaabbaaaabba,aaaaaabbbbbbbbb,1,9
A29HDBGSELFSUY,bbaaaabbaaaabba,aaaaaabbbbbbbbb,1,9
A29HDBGSELFSUY,bbaaaabbaaaabba,aaaaaabbbbbbbbb,1,9
A1DDBGQDMZZ1VW,bbaaaabbaaaabba,aaaaaabbbbbbbbb,3,9
AA7ASGQEOMKEZ,bbaaaabbaaaabba,aaaaaabbbbbbbbb,1,9
A2GAQZAZWV01PU,bbaaaabbaaaabba,aaaaaabbbbbbbbb,1,9
A2GAQZAZWV01PU,bbaaaabbaaaabba,aaaaaabbbbbbbbb,2,9
A1F1OZ54G177D8,bbaaaabbaaaabba,aaaaaabbbbbbbbb,1,9
A3RHGIM99R25Q9,bbaaaabbaaaabba,aaaaaabbbbbbbbb,2,9
A3RHGIM99R25Q9,bbaaaabbaaaabba,aaaaaabbbbbbbbb,2,9
A2OVX9UW5WANQE,bbaaaabbaaaabba,aaaaaabbbbbbbbb,2,9
A34VY22YEREOOI,bbaaaabbaaaabba,aaaaaabbbbbbbbb,1,9
A1HN4550TIXQBZ,bbaaaabbaaaabba,aaaaaabbbbbbbbb,1,9
A12R2U6TBB3OOG,bbaaaabbaaaabba,aaaaaabbbbbbbbb,2,9
A1K8QNLYYYX21W,bbaaaabbaaaabba,aaaaaabbbbbbbbb,5,9
A1DKVUTOBPQH11,bbaaaabbaaaabba,ababbababbababb,2,10
A2WGW5Y3ZFBDEC,bbaaaabbaaaabba,ababbababbababb,3,10
A2WGW5Y3ZFBDEC,bbaaaabbaaaabba,ababbababbababb,3,10
A39YBLQYIUBR76,bbaaaabbaaaabba,ababbababbababb,3,10
A3AFC26CB0AXMI,bbaaaabbaaaabba,ababbababbababb,2,10
A3AFC26CB0AXMI,bbaaaabbaaaabba,ababbababbababb,2,10
A7KLTVEIASF4J,bbaaaabbaaaabba,ababbababbababb,3,10
A7KLTVEIASF4J,bbaaaabbaaaabba,ababbababbababb,4,10
A3QEVFM3UD67BA,bbaaaabbaaaabba,ababbababbababb,2,10
A3QEVFM3UD67BA,bbaaaabbaaaabba,ababbababbababb,4,10
A3FJE9AUW0O41D,bbaaaabbaaaabba,ababbababbababb,2,10
A3MD34XEB4H6JF,bbaaaabbaaaabba,ababbababbababb,2,10
A3FBV53GPOAG8X,bbaaaabbaaaabba,ababbababbababb,1,10
A2LRC60NMMJHEW,bbaaaabbaaaabba,ababbababbababb,3,10
AA7ASGQEOMKEZ,bbaaaabbaaaabba,ababbababbababb,1,10
A8TK3JACM5EM,bbaaaabbaaaabba,ababbababbababb,4,10
A34VY22YEREOOI,bbaaaabbaaaabba,ababbababbababb,1,10
A12R2U6TBB3OOG,bbaaaabbaaaabba,ababbababbababb,4,10
A1MYDAL453CN5Q,aaabaaabaaabaaa,aabaabaabaabaab,4,6
A1MYDAL453CN5Q,aaabaaabaaabaaa,aabaabaabaabaab,4,6
A3MD34XEB4H6JF,aaabaaabaaabaaa,aabaabaabaabaab,4,6
A29HDBGSELFSUY,aaabaaabaaabaaa,aabaabaabaabaab,4,6
A1F1OZ54G177D8,aaabaaabaaabaaa,aabaabaabaabaab,4,6
A2DXSHR0ZWHIYD,aaabaaabaaabaaa,aabaabaabaabaab,2,6
A1WOV2JIV5I9VE,aaabaaabaaabaaa,aabaabaabaabaab,4,6
AWCO7MG0BHSTQ,aaabaaabaaabaaa,aabaabaabaabaab,2,6
A2OVX9UW5WANQE,aaabaaabaaabaaa,aabaabaabaabaab,4,6
A3KVNVHIYT3JI8,aaabaaabaaabaaa,aabaabaabaabaab,4,6
A1MYDAL453CN5Q,bbbbaaaaaaaaaaa,aabaabaabaabaab,2,9
A21SIPO89DP66I,bbbbaaaaaaaaaaa,aabaabaabaabaab,1,9
A2WGW5Y3ZFBDEC,bbbbaaaaaaaaaaa,aabaabaabaabaab,2,9
A3RS7UCO7CQ74R,bbbbaaaaaaaaaaa,aabaabaabaabaab,4,9
A3W24IE6P9O302,bbbbaaaaaaaaaaa,aabaabaabaabaab,5,9
A3W24IE6P9O302,bbbbaaaaaaaaaaa,aabaabaabaabaab,5,9
A1G187YBG0DVMQ,bbbbaaaaaaaaaaa,aabaabaabaabaab,3,9
A1G187YBG0DVMQ,bbbbaaaaaaaaaaa,aabaabaabaabaab,2,9
ADGQOL6YC087W,bbbbaaaaaaaaaaa,aabaabaabaabaab,1,9
AETIZKQNUSBLB,bbbbaaaaaaaaaaa,aabaabaabaabaab,1,9
A3FBV53GPOAG8X,bbbbaaaaaaaaaaa,aabaabaabaabaab,1,9
A2LRC60NMMJHEW,bbbbaaaaaaaaaaa,aabaabaabaabaab,2,9
A2GAQZAZWV01PU,bbbbaaaaaaaaaaa,aabaabaabaabaab,4,9
A2GAQZAZWV01PU,bbbbaaaaaaaaaaa,aabaabaabaabaab,4,9
A1F1OZ54G177D8,bbbbaaaaaaaaaaa,aabaabaabaabaab,1,9
A32QJF67JMJFKX,bbbbaaaaaaaaaaa,aabaabaabaabaab,2,9
A34VY22YEREOOI,bbbbaaaaaaaaaaa,aabaabaabaabaab,1,9
A3KVNVHIYT3JI8,bbbbaaaaaaaaaaa,aabaabaabaabaab,4,9
A2CHDWKAYZ3P3E,bbbbaaaaaaaaaaa,aabaabaabaabaab,1,9
A19M261KRLO5YZ,bbaaaabbaaaabba,aabaabaabaabaab,3,7
A1MYDAL453CN5Q,bbaaaabbaaaabba,aabaabaabaabaab,2,7
A1DKVUTOBPQH11,bbaaaabbaaaabba,aabaabaabaabaab,4,7
A21SIPO89DP66I,bbaaaabbaaaabba,aabaabaabaabaab,2,7
A3RS7UCO7CQ74R,bbaaaabbaaaabba,aabaabaabaabaab,2,7
A1OZPLHNIU1519,bbaaaabbaaaabba,aabaabaabaabaab,4,7
A340UGIDGIF4W6,bbaaaabbaaaabba,aabaabaabaabaab,2,7
A3QEVFM3UD67BA,bbaaaabbaaaabba,aabaabaabaabaab,4,7
ADGQOL6YC087W,bbaaaabbaaaabba,aabaabaabaabaab,2,7
A3MD34XEB4H6JF,bbaaaabbaaaabba,aabaabaabaabaab,2,7
A1U6A617Q95MTZ,bbaaaabbaaaabba,aabaabaabaabaab,4,7
A2LRC60NMMJHEW,bbaaaabbaaaabba,aabaabaabaabaab,4,7
A2LRC60NMMJHEW,bbaaaabbaaaabba,aabaabaabaabaab,4,7
A8TK3JACM5EM,bbaaaabbaaaabba,aabaabaabaabaab,4,7
A245RS8249R2TA,bbaaaabbaaaabba,aabaabaabaabaab,1,7
A2YVC1U50H2B4R,bbaaaabbaaaabba,aabaabaabaabaab,4,7
A3843S9LWPDN2K,bbaaaabbaaaabba,aabaabaabaabaab,4,7
A1K8QNLYYYX21W,bbaaaabbaaaabba,aabaabaabaabaab,4,7
A2CHDWKAYZ3P3E,bbaaaabbaaaabba,aabaabaabaabaab,2,7
A1MYDAL453CN5Q,abaabaaabaaaaba,aaaaaabbbbbbbbb,2,11
ADGQOL6YC087W,abaabaaabaaaaba,aaaaaabbbbbbbbb,1,11
A3FAH5S2RGZ5AK,abaabaaabaaaaba,aaaaaabbbbbbbbb,3,11
A10DEO061A6L3O,abaabaaabaaaaba,aaaaaabbbbbbbbb,2,11
A1DDBGQDMZZ1VW,abaabaaabaaaaba,aaaaaabbbbbbbbb,2,11
A1ZB2NY0F9QNP0,abaabaaabaaaaba,aaaaaabbbbbbbbb,1,11
A1F1OZ54G177D8,abaabaaabaaaaba,aaaaaabbbbbbbbb,1,11
A2DXSHR0ZWHIYD,abaabaaabaaaaba,aaaaaabbbbbbbbb,1,11
A2WCXJZEXXR60A,abaabaaabaaaaba,aaaaaabbbbbbbbb,1,11
A2WCXJZEXXR60A,abaabaaabaaaaba,aaaaaabbbbbbbbb,2,11
A32QJF67JMJFKX,abaabaaabaaaaba,aaaaaabbbbbbbbb,2,11
A4J4GGMKJ68L0,abaabaaabaaaaba,aaaaaabbbbbbbbb,1,11
A19M261KRLO5YZ,bbbbaaaaaaaaaaa,ababbababbababb,2,15
A1DKVUTOBPQH11,bbbbaaaaaaaaaaa,ababbababbababb,1,15
A1DKVUTOBPQH11,bbbbaaaaaaaaaaa,ababbababbababb,1,15
A1DKVUTOBPQH11,bbbbaaaaaaaaaaa,ababbababbababb,1,15
A21SIPO89DP66I,bbbbaaaaaaaaaaa,ababbababbababb,1,15
A3RS7UCO7CQ74R,bbbbaaaaaaaaaaa,ababbababbababb,5,15
A3W24IE6P9O302,bbbbaaaaaaaaaaa,ababbababbababb,4,15
A21ZMR7O42OSMI,bbbbaaaaaaaaaaa,ababbababbababb,2,15
A39YBLQYIUBR76,bbbbaaaaaaaaaaa,ababbababbababb,1,15
A3AFC26CB0AXMI,bbbbaaaaaaaaaaa,ababbababbababb,2,15
A3AFC26CB0AXMI,bbbbaaaaaaaaaaa,ababbababbababb,2,15
A2OTDMCV8CZWML,bbbbaaaaaaaaaaa,ababbababbababb,2,15
AETIZKQNUSBLB,bbbbaaaaaaaaaaa,ababbababbababb,1,15
AETIZKQNUSBLB,bbbbaaaaaaaaaaa,ababbababbababb,1,15
A3MD34XEB4H6JF,bbbbaaaaaaaaaaa,ababbababbababb,1,15
A1U6A617Q95MTZ,bbbbaaaaaaaaaaa,ababbababbababb,2,15
A3FBV53GPOAG8X,bbbbaaaaaaaaaaa,ababbababbababb,1,15
A10DEO061A6L3O,bbbbaaaaaaaaaaa,ababbababbababb,2,15
A21EFJ972J40T6,bbbbaaaaaaaaaaa,ababbababbababb,1,15
A1DDBGQDMZZ1VW,bbbbaaaaaaaaaaa,ababbababbababb,2,15
A1DDBGQDMZZ1VW,bbbbaaaaaaaaaaa,ababbababbababb,1,15
AA7ASGQEOMKEZ,bbbbaaaaaaaaaaa,ababbababbababb,1,15
A1S3KHENQOCCVE,bbbbaaaaaaaaaaa,ababbababbababb,2,15
A1F1OZ54G177D8,bbbbaaaaaaaaaaa,ababbababbababb,2,15
A2S8ZTPKX3B928,bbbbaaaaaaaaaaa,ababbababbababb,1,15
A2S8ZTPKX3B928,bbbbaaaaaaaaaaa,ababbababbababb,1,15
A2S8ZTPKX3B928,bbbbaaaaaaaaaaa,ababbababbababb,1,15
A2YVC1U50H2B4R,bbbbaaaaaaaaaaa,ababbababbababb,2,15
A3RHGIM99R25Q9,bbbbaaaaaaaaaaa,ababbababbababb,2,15
A2OVX9UW5WANQE,bbbbaaaaaaaaaaa,ababbababbababb,1,15
A2WCXJZEXXR60A,bbbbaaaaaaaaaaa,ababbababbababb,1,15
A3KVNVHIYT3JI8,bbbbaaaaaaaaaaa,ababbababbababb,4,15
A12R2U6TBB3OOG,bbbbaaaaaaaaaaa,ababbababbababb,1,15
A21ZMR7O42OSMI,abaabaaabaaaaba,bbaaabbaaabbaaa,4,10
A21ZMR7O42OSMI,abaabaaabaaaaba,bbaaabbaaabbaaa,4,10
A3AFC26CB0AXMI,abaabaaabaaaaba,bbaaabbaaabbaaa,2,10
A3AFC26CB0AXMI,abaabaaabaaaaba,bbaaabbaaabbaaa,2,10
A2OTDMCV8CZWML,abaabaaabaaaaba,bbaaabbaaabbaaa,2,10
A3FJE9AUW0O41D,abaabaaabaaaaba,bbaaabbaaabbaaa,3,10
A3FAH5S2RGZ5AK,abaabaaabaaaaba,bbaaabbaaabbaaa,4,10
A1DDBGQDMZZ1VW,abaabaaabaaaaba,bbaaabbaaabbaaa,3,10
A38TZK07ON180S,abaabaaabaaaaba,bbaaabbaaabbaaa,4,10
A1ZB2NY0F9QNP0,abaabaaabaaaaba,bbaaabbaaabbaaa,2,10
A245RS8249R2TA,abaabaaabaaaaba,bbaaabbaaabbaaa,1,10
A2DXSHR0ZWHIYD,abaabaaabaaaaba,bbaaabbaaabbaaa,3,10
A2YVC1U50H2B4R,abaabaaabaaaaba,bbaaabbaaabbaaa,4,10
A2YVC1U50H2B4R,abaabaaabaaaaba,bbaaabbaaabbaaa,4,10
A2OVX9UW5WANQE,abaabaaabaaaaba,bbaaabbaaabbaaa,2,10
A4IH4CO046EV3,abaabaaabaaaaba,bbaaabbaaabbaaa,2,10
A3PC7DYXJW4I2Z,abaabaaabaaaaba,bbaaabbaaabbaaa,2,10
A1HN4550TIXQBZ,abaabaaabaaaaba,bbaaabbaaabbaaa,1,10
A1MYDAL453CN5Q,aaabaaabaaabaaa,baabaaabaaaabaa,4,9
A3RS7UCO7CQ74R,aaabaaabaaabaaa,baabaaabaaaabaa,1,9
A2TBXASXZIRNNW,aaabaaabaaabaaa,baabaaabaaaabaa,5,9
A1G187YBG0DVMQ,aaabaaabaaabaaa,baabaaabaaaabaa,5,9
ADGQOL6YC087W,aaabaaabaaabaaa,baabaaabaaaabaa,5,9
A3FAH5S2RGZ5AK,aaabaaabaaabaaa,baabaaabaaaabaa,3,9
A3FAH5S2RGZ5AK,aaabaaabaaabaaa,baabaaabaaaabaa,3,9
A1U6A617Q95MTZ,aaabaaabaaabaaa,baabaaabaaaabaa,4,9
A10DEO061A6L3O,aaabaaabaaabaaa,baabaaabaaaabaa,5,9
A1DDBGQDMZZ1VW,aaabaaabaaabaaa,baabaaabaaaabaa,3,9
AWCO7MG0BHSTQ,aaabaaabaaabaaa,baabaaabaaaabaa,2,9
AWCO7MG0BHSTQ,aaabaaabaaabaaa,baabaaabaaaabaa,2,9
A2WCXJZEXXR60A,aaabaaabaaabaaa,baabaaabaaaabaa,4,9
A32QJF67JMJFKX,aaabaaabaaabaaa,baabaaabaaaabaa,4,9
A1K8QNLYYYX21W,aaabaaabaaabaaa,baabaaabaaaabaa,2,9
A2CHDWKAYZ3P3E,aaabaaabaaabaaa,baabaaabaaaabaa,5,9
A3W24IE6P9O302,aaaabababababab,bbbbbababababab,3,4
A1OZPLHNIU1519,aaaabababababab,bbbbbababababab,2,4
A340UGIDGIF4W6,aaaabababababab,bbbbbababababab,2,4
AETIZKQNUSBLB,aaaabababababab,bbbbbababababab,4,4
A29HDBGSELFSUY,aaaabababababab,bbbbbababababab,1,4
A21EFJ972J40T6,aaaabababababab,bbbbbababababab,1,4
A2WCXJZEXXR60A,aaaabababababab,bbbbbababababab,2,4
A3843S9LWPDN2K,aaaabababababab,bbbbbababababab,5,4
A3PC7DYXJW4I2Z,aaaabababababab,bbbbbababababab,2,4
A3PC7DYXJW4I2Z,aaaabababababab,bbbbbababababab,4,4
A1K8QNLYYYX21W,aaaabababababab,bbbbbababababab,5,4
A1DKVUTOBPQH11,abaabaaabaaaaba,baabaaabaaaabaa,5,3
A21SIPO89DP66I,abaabaaabaaaaba,baabaaabaaaabaa,5,3
A3RS7UCO7CQ74R,abaabaaabaaaaba,baabaaabaaaabaa,2,3
A3W24IE6P9O302,abaabaaabaaaaba,baabaaabaaaabaa,5,3
A109MLAWERUIBG,abaabaaabaaaaba,baabaaabaaaabaa,5,3
A2TBXASXZIRNNW,abaabaaabaaaaba,baabaaabaaaabaa,4,3
A29HDBGSELFSUY,abaabaaabaaaaba,baabaaabaaaabaa,5,3
A2GAQZAZWV01PU,abaabaaabaaaaba,baabaaabaaaabaa,5,3
A2DXSHR0ZWHIYD,abaabaaabaaaaba,baabaaabaaaabaa,4,3
A2S8ZTPKX3B928,abaabaaabaaaaba,baabaaabaaaabaa,2,3
A3843S9LWPDN2K,abaabaaabaaaaba,baabaaabaaaabaa,5,3
A3843S9LWPDN2K,abaabaaabaaaaba,baabaaabaaaabaa,5,3
A32QJF67JMJFKX,abaabaaabaaaaba,baabaaabaaaabaa,4,3
A3KVNVHIYT3JI8,abaabaaabaaaaba,baabaaabaaaabaa,4,3
A4IH4CO046EV3,abaabaaabaaaaba,baabaaabaaaabaa,4,3
A4IH4CO046EV3,abaabaaabaaaaba,baabaaabaaaabaa,4,3
A3PC7DYXJW4I2Z,abaabaaabaaaaba,baabaaabaaaabaa,3,3
A1HN4550TIXQBZ,abaabaaabaaaaba,baabaaabaaaabaa,5,3
A1K8QNLYYYX21W,abaabaaabaaaaba,baabaaabaaaabaa,4,3
A2CHDWKAYZ3P3E,abaabaaabaaaaba,baabaaabaaaabaa,5,3
A19M261KRLO5YZ,aaabaaabaaabaaa,bbaaabbaaabbaaa,3,6
A109MLAWERUIBG,aaabaaabaaabaaa,bbaaabbaaabbaaa,1,6
A1OZPLHNIU1519,aaabaaabaaabaaa,bbaaabbaaabbaaa,4,6
A1OZPLHNIU1519,aaabaaabaaabaaa,bbaaabbaaabbaaa,4,6
A1G187YBG0DVMQ,aaabaaabaaabaaa,bbaaabbaaabbaaa,3,6
A3AFC26CB0AXMI,aaabaaabaaabaaa,bbaaabbaaabbaaa,4,6
A7KLTVEIASF4J,aaabaaabaaabaaa,bbaaabbaaabbaaa,3,6
A7KLTVEIASF4J,aaabaaabaaabaaa,bbaaabbaaabbaaa,4,6
A3FAH5S2RGZ5AK,aaabaaabaaabaaa,bbaaabbaaabbaaa,4,6
A3FBV53GPOAG8X,aaabaaabaaabaaa,bbaaabbaaabbaaa,2,6
A3FBV53GPOAG8X,aaabaaabaaabaaa,bbaaabbaaabbaaa,5,6
A29HDBGSELFSUY,aaabaaabaaabaaa,bbaaabbaaabbaaa,4,6
A21EFJ972J40T6,aaabaaabaaabaaa,bbaaabbaaabbaaa,4,6
A1ZB2NY0F9QNP0,aaabaaabaaabaaa,bbaaabbaaabbaaa,4,6
A1ZB2NY0F9QNP0,aaabaaabaaabaaa,bbaaabbaaabbaaa,5,6
A2GAQZAZWV01PU,aaabaaabaaabaaa,bbaaabbaaabbaaa,4,6
A245RS8249R2TA,aaabaaabaaabaaa,bbaaabbaaabbaaa,1,6
A1F1OZ54G177D8,aaabaaabaaabaaa,bbaaabbaaabbaaa,3,6
A2DXSHR0ZWHIYD,aaabaaabaaabaaa,bbaaabbaaabbaaa,4,6
A3843S9LWPDN2K,aaabaaabaaabaaa,bbaaabbaaabbaaa,4,6
A3843S9LWPDN2K,aaabaaabaaabaaa,bbaaabbaaabbaaa,4,6
A3W24IE6P9O302,bbaaaabbaaaabba,baabaaabaaaabaa,4,9
A1OZPLHNIU1519,bbaaaabbaaaabba,baabaaabaaaabaa,2,9
A2TBXASXZIRNNW,bbaaaabbaaaabba,baabaaabaaaabaa,3,9
A2TBXASXZIRNNW,bbaaaabbaaaabba,baabaaabaaaabaa,4,9
A3FJE9AUW0O41D,bbaaaabbaaaabba,baabaaabaaaabaa,4,9
A1U6A617Q95MTZ,bbaaaabbaaaabba,baabaaabaaaabaa,4,9
A29HDBGSELFSUY,bbaaaabbaaaabba,baabaaabaaaabaa,2,9
A1X84T4EFW04GZ,bbaaaabbaaaabba,baabaaabaaaabaa,4,9
A1DDBGQDMZZ1VW,bbaaaabbaaaabba,baabaaabaaaabaa,2,9
AA7ASGQEOMKEZ,bbaaaabbaaaabba,baabaaabaaaabaa,2,9
AWCO7MG0BHSTQ,bbaaaabbaaaabba,baabaaabaaaabaa,2,9
A2OVX9UW5WANQE,bbaaaabbaaaabba,baabaaabaaaabaa,4,9
A32QJF67JMJFKX,bbaaaabbaaaabba,baabaaabaaaabaa,2,9
A34VY22YEREOOI,bbaaaabbaaaabba,baabaaabaaaabaa,1,9
A2CHDWKAYZ3P3E,bbaaaabbaaaabba,baabaaabaaaabaa,2,9
A19M261KRLO5YZ,bbaaaabbaaaabba,bbaaabbaaabbaaa,2,4
A21SIPO89DP66I,bbaaaabbaaaabba,bbaaabbaaabbaaa,4,4
A1G187YBG0DVMQ,bbaaaabbaaaabba,bbaaabbaaabbaaa,4,4
A3L2UB07EZJAMD,bbaaaabbaaaabba,bbaaabbaaabbaaa,4,4
A10DEO061A6L3O,bbaaaabbaaaabba,bbaaabbaaabbaaa,5,4
A10DEO061A6L3O,bbaaaabbaaaabba,bbaaabbaaabbaaa,4,4
A21EFJ972J40T6,bbaaaabbaaaabba,bbaaabbaaabbaaa,4,4
A2LRC60NMMJHEW,bbaaaabbaaaabba,bbaaabbaaabbaaa,3,4
A8TK3JACM5EM,bbaaaabbaaaabba,bbaaabbaaabbaaa,5,4
A1ZB2NY0F9QNP0,bbaaaabbaaaabba,bbaaabbaaabbaaa,5,4
A1S3KHENQOCCVE,bbaaaabbaaaabba,bbaaabbaaabbaaa,4,4
A1WOV2JIV5I9VE,bbaaaabbaaaabba,bbaaabbaaabbaaa,4,4
AWCO7MG0BHSTQ,bbaaaabbaaaabba,bbaaabbaaabbaaa,5,4
AWCO7MG0BHSTQ,bbaaaabbaaaabba,bbaaabbaaabbaaa,4,4
A2OVX9UW5WANQE,bbaaaabbaaaabba,bbaaabbaaabbaaa,5,4
A2WCXJZEXXR60A,bbaaaabbaaaabba,bbaaabbaaabbaaa,4,4
A4IH4CO046EV3,bbaaaabbaaaabba,bbaaabbaaabbaaa,5,4
A1HN4550TIXQBZ,bbaaaabbaaaabba,bbaaabbaaabbaaa,5,4
A2WGW5Y3ZFBDEC,abaabaaabaaaaba,aabaabaabaabaab,4,6
A109MLAWERUIBG,abaabaaabaaaaba,aabaabaabaabaab,2,6
A340UGIDGIF4W6,abaabaaabaaaaba,aabaabaabaabaab,4,6
A3FAH5S2RGZ5AK,abaabaaabaaaaba,aabaabaabaabaab,2,6
AA7ASGQEOMKEZ,abaabaaabaaaaba,aabaabaabaabaab,4,6
A1S3KHENQOCCVE,abaabaaabaaaaba,aabaabaabaabaab,4,6
A2DXSHR0ZWHIYD,abaabaaabaaaaba,aabaabaabaabaab,4,6
A2OVX9UW5WANQE,abaabaaabaaaaba,aabaabaabaabaab,5,6
A34VY22YEREOOI,abaabaaabaaaaba,aabaabaabaabaab,2,6
A3PC7DYXJW4I2Z,abaabaaabaaaaba,aabaabaabaabaab,3,6
A19M261KRLO5YZ,aaabaaabaaabaaa,bbbbbababababab,2,12
A39YBLQYIUBR76,aaabaaabaaabaaa,bbbbbababababab,1,12
A2TBXASXZIRNNW,aaabaaabaaabaaa,bbbbbababababab,2,12
A3QEVFM3UD67BA,aaabaaabaaabaaa,bbbbbababababab,1,12
A3FJE9AUW0O41D,aaabaaabaaabaaa,bbbbbababababab,1,12
A1X84T4EFW04GZ,aaabaaabaaabaaa,bbbbbababababab,2,12
A1DDBGQDMZZ1VW,aaabaaabaaabaaa,bbbbbababababab,2,12
A2GAQZAZWV01PU,aaabaaabaaabaaa,bbbbbababababab,3,12
A3RHGIM99R25Q9,aaabaaabaaabaaa,bbbbbababababab,2,12
A4J4GGMKJ68L0,aaabaaabaaabaaa,bbbbbababababab,1,12
A3KVNVHIYT3JI8,aaabaaabaaabaaa,bbbbbababababab,4,12
A1K8QNLYYYX21W,aaabaaabaaabaaa,bbbbbababababab,2,12
A21SIPO89DP66I,bbaaaabbaaaabba,bbbbbababababab,1,9
A3W24IE6P9O302,bbaaaabbaaaabba,bbbbbababababab,4,9
A21ZMR7O42OSMI,bbaaaabbaaaabba,bbbbbababababab,2,9
A3FJE9AUW0O41D,bbaaaabbaaaabba,bbbbbababababab,2,9
ADGQOL6YC087W,bbaaaabbaaaabba,bbbbbababababab,1,9
A21EFJ972J40T6,bbaaaabbaaaabba,bbbbbababababab,1,9
A1DDBGQDMZZ1VW,bbaaaabbaaaabba,bbbbbababababab,2,9
AA7ASGQEOMKEZ,bbaaaabbaaaabba,bbbbbababababab,2,9
A1S3KHENQOCCVE,bbaaaabbaaaabba,bbbbbababababab,2,9
A2S8ZTPKX3B928,bbaaaabbaaaabba,bbbbbababababab,1,9
A32QJF67JMJFKX,bbaaaabbaaaabba,bbbbbababababab,2,9
A32QJF67JMJFKX,bbaaaabbaaaabba,bbbbbababababab,2,9
A4J4GGMKJ68L0,bbaaaabbaaaabba,bbbbbababababab,1,9
A34VY22YEREOOI,bbaaaabbaaaabba,bbbbbababababab,1,9
A3PC7DYXJW4I2Z,bbaaaabbaaaabba,bbbbbababababab,1,9
A19M261KRLO5YZ,aaaabababababab,aaaaaabbbbbbbbb,1,10
A39YBLQYIUBR76,aaaabababababab,aaaaaabbbbbbbbb,1,10
A2OTDMCV8CZWML,aaaabababababab,aaaaaabbbbbbbbb,2,10
A29HDBGSELFSUY,aaaabababababab,aaaaaabbbbbbbbb,2,10
A21EFJ972J40T6,aaaabababababab,aaaaaabbbbbbbbb,1,10
A21EFJ972J40T6,aaaabababababab,aaaaaabbbbbbbbb,1,10
A2LRC60NMMJHEW,aaaabababababab,aaaaaabbbbbbbbb,1,10
A38TZK07ON180S,aaaabababababab,aaaaaabbbbbbbbb,2,10
A1ZB2NY0F9QNP0,aaaabababababab,aaaaaabbbbbbbbb,1,10
A245RS8249R2TA,aaaabababababab,aaaaaabbbbbbbbb,1,10
A1WOV2JIV5I9VE,aaaabababababab,aaaaaabbbbbbbbb,2,10
A1WOV2JIV5I9VE,aaaabababababab,aaaaaabbbbbbbbb,2,10
A34VY22YEREOOI,aaaabababababab,aaaaaabbbbbbbbb,1,10
A4IH4CO046EV3,aaaabababababab,aaaaaabbbbbbbbb,1,10
A1HN4550TIXQBZ,aaaabababababab,aaaaaabbbbbbbbb,1,10
A1HN4550TIXQBZ,aaaabababababab,aaaaaabbbbbbbbb,1,10
A12R2U6TBB3OOG,aaaabababababab,aaaaaabbbbbbbbb,2,10
A2WGW5Y3ZFBDEC,aaabaaabaaabaaa,aaaaaabbbbbbbbb,1,9
A340UGIDGIF4W6,aaabaaabaaabaaa,aaaaaabbbbbbbbb,2,9
A340UGIDGIF4W6,aaabaaabaaabaaa,aaaaaabbbbbbbbb,2,9
A1G187YBG0DVMQ,aaabaaabaaabaaa,aaaaaabbbbbbbbb,2,9
ADGQOL6YC087W,aaabaaabaaabaaa,aaaaaabbbbbbbbb,1,9
A3L2UB07EZJAMD,aaabaaabaaabaaa,aaaaaabbbbbbbbb,1,9
A1X84T4EFW04GZ,aaabaaabaaabaaa,aaaaaabbbbbbbbb,2,9
A21EFJ972J40T6,aaabaaabaaabaaa,aaaaaabbbbbbbbb,1,9
A38TZK07ON180S,aaabaaabaaabaaa,aaaaaabbbbbbbbb,2,9
A38TZK07ON180S,aaabaaabaaabaaa,aaaaaabbbbbbbbb,2,9
A8TK3JACM5EM,aaabaaabaaabaaa,aaaaaabbbbbbbbb,1,9
A8TK3JACM5EM,aaabaaabaaabaaa,aaaaaabbbbbbbbb,1,9
A1WOV2JIV5I9VE,aaabaaabaaabaaa,aaaaaabbbbbbbbb,1,9
A1K8QNLYYYX21W,aaabaaabaaabaaa,aaaaaabbbbbbbbb,2,9
A21SIPO89DP66I,aaabaaabaaabaaa,ababbababbababb,3,9
A2WGW5Y3ZFBDEC,aaabaaabaaabaaa,ababbababbababb,2,9
A3RS7UCO7CQ74R,aaabaaabaaabaaa,ababbababbababb,3,9
A3W24IE6P9O302,aaabaaabaaabaaa,ababbababbababb,4,9
A1OZPLHNIU1519,aaabaaabaaabaaa,ababbababbababb,2,9
A2TBXASXZIRNNW,aaabaaabaaabaaa,ababbababbababb,2,9
A2TBXASXZIRNNW,aaabaaabaaabaaa,ababbababbababb,2,9
ADGQOL6YC087W,aaabaaabaaabaaa,ababbababbababb,2,9
A3L2UB07EZJAMD,aaabaaabaaabaaa,ababbababbababb,1,9
A1U6A617Q95MTZ,aaabaaabaaabaaa,ababbababbababb,4,9
A3FBV53GPOAG8X,aaabaaabaaabaaa,ababbababbababb,2,9
A1X84T4EFW04GZ,aaabaaabaaabaaa,ababbababbababb,2,9
A1X84T4EFW04GZ,aaabaaabaaabaaa,ababbababbababb,2,9
A10DEO061A6L3O,aaabaaabaaabaaa,ababbababbababb,4,9
A2LRC60NMMJHEW,aaabaaabaaabaaa,ababbababbababb,2,9
A2LRC60NMMJHEW,aaabaaabaaabaaa,ababbababbababb,2,9
A38TZK07ON180S,aaabaaabaaabaaa,ababbababbababb,2,9
A3K2VLUT3MU9H2,aaabaaabaaabaaa,ababbababbababb,2,9
A3KVNVHIYT3JI8,aaabaaabaaabaaa,ababbababbababb,4,9
A4IH4CO046EV3,aaabaaabaaabaaa,ababbababbababb,2,9
A1HN4550TIXQBZ,aaabaaabaaabaaa,ababbababbababb,1,9
A12R2U6TBB3OOG,aaabaaabaaabaaa,ababbababbababb,2,9
A12R2U6TBB3OOG,aaabaaabaaabaaa,ababbababbababb,2,9
A19M261KRLO5YZ,bbbbaaaaaaaaaaa,bbbbbababababab,2,6
A109MLAWERUIBG,bbbbaaaaaaaaaaa,bbbbbababababab,1,6
A39YBLQYIUBR76,bbbbaaaaaaaaaaa,bbbbbababababab,1,6
A340UGIDGIF4W6,bbbbaaaaaaaaaaa,bbbbbababababab,2,6
ADGQOL6YC087W,bbbbaaaaaaaaaaa,bbbbbababababab,1,6
AETIZKQNUSBLB,bbbbaaaaaaaaaaa,bbbbbababababab,3,6
AETIZKQNUSBLB,bbbbaaaaaaaaaaa,bbbbbababababab,3,6
A3MD34XEB4H6JF,bbbbaaaaaaaaaaa,bbbbbababababab,1,6
A29HDBGSELFSUY,bbbbaaaaaaaaaaa,bbbbbababababab,1,6
A10DEO061A6L3O,bbbbaaaaaaaaaaa,bbbbbababababab,2,6
A2GAQZAZWV01PU,bbbbaaaaaaaaaaa,bbbbbababababab,4,6
A2YVC1U50H2B4R,bbbbaaaaaaaaaaa,bbbbbababababab,2,6
A32QJF67JMJFKX,bbbbaaaaaaaaaaa,bbbbbababababab,2,6
A1HN4550TIXQBZ,bbbbaaaaaaaaaaa,bbbbbababababab,1,6
A2CHDWKAYZ3P3E,bbbbaaaaaaaaaaa,bbbbbababababab,1,6
A2WGW5Y3ZFBDEC,aaaabababababab,bbaaabbaaabbaaa,3,10
A2WGW5Y3ZFBDEC,aaaabababababab,bbaaabbaaabbaaa,2,10
A109MLAWERUIBG,aaaabababababab,bbaaabbaaabbaaa,2,10
AETIZKQNUSBLB,aaaabababababab,bbaaabbaaabbaaa,2,10
AETIZKQNUSBLB,aaaabababababab,bbaaabbaaabbaaa,2,10
A3L2UB07EZJAMD,aaaabababababab,bbaaabbaaabbaaa,2,10
A3L2UB07EZJAMD,aaaabababababab,bbaaabbaaabbaaa,1,10
A2GAQZAZWV01PU,aaaabababababab,bbaaabbaaabbaaa,2,10
A2GAQZAZWV01PU,aaaabababababab,bbaaabbaaabbaaa,2,10
A1S3KHENQOCCVE,aaaabababababab,bbaaabbaaabbaaa,2,10
AWCO7MG0BHSTQ,aaaabababababab,bbaaabbaaabbaaa,4,10
A3843S9LWPDN2K,aaaabababababab,bbaaabbaaabbaaa,1,10
A4J4GGMKJ68L0,aaaabababababab,bbaaabbaaabbaaa,4,10
A2CHDWKAYZ3P3E,aaaabababababab,bbaaabbaaabbaaa,4,10
A2CHDWKAYZ3P3E,aaaabababababab,bbaaabbaaabbaaa,1,10
A1MYDAL453CN5Q,bbbbaaaaaaaaaaa,bbaaabbaaabbaaa,1,8
A1DKVUTOBPQH11,bbbbaaaaaaaaaaa,bbaaabbaaabbaaa,1,8
A109MLAWERUIBG,bbbbaaaaaaaaaaa,bbaaabbaaabbaaa,1,8
A21ZMR7O42OSMI,bbbbaaaaaaaaaaa,bbaaabbaaabbaaa,2,8
A2TBXASXZIRNNW,bbbbaaaaaaaaaaa,bbaaabbaaabbaaa,2,8
A340UGIDGIF4W6,bbbbaaaaaaaaaaa,bbaaabbaaabbaaa,2,8
A1G187YBG0DVMQ,bbbbaaaaaaaaaaa,bbaaabbaaabbaaa,2,8
A3QEVFM3UD67BA,bbbbaaaaaaaaaaa,bbaaabbaaabbaaa,1,8
A1U6A617Q95MTZ,bbbbaaaaaaaaaaa,bbaaabbaaabbaaa,2,8
A1U6A617Q95MTZ,bbbbaaaaaaaaaaa,bbaaabbaaabbaaa,1,8
A8TK3JACM5EM,bbbbaaaaaaaaaaa,bbaaabbaaabbaaa,2,8
A8TK3JACM5EM,bbbbaaaaaaaaaaa,bbaaabbaaabbaaa,4,8
A1ZB2NY0F9QNP0,bbbbaaaaaaaaaaa,bbaaabbaaabbaaa,1,8
A2DXSHR0ZWHIYD,bbbbaaaaaaaaaaa,bbaaabbaaabbaaa,2,8
A2YVC1U50H2B4R,bbbbaaaaaaaaaaa,bbaaabbaaabbaaa,2,8
A2YVC1U50H2B4R,bbbbaaaaaaaaaaa,bbaaabbaaabbaaa,2,8
A3KVNVHIYT3JI8,bbbbaaaaaaaaaaa,bbaaabbaaabbaaa,4,8
A3PC7DYXJW4I2Z,bbbbaaaaaaaaaaa,bbaaabbaaabbaaa,4,8
A3W24IE6P9O302,aaaabababababab,baabaaabaaaabaa,4,9
A1G187YBG0DVMQ,aaaabababababab,baabaaabaaaabaa,4,9
A7KLTVEIASF4J,aaaabababababab,baabaaabaaaabaa,2,9
A3FJE9AUW0O41D,aaaabababababab,baabaaabaaaabaa,2,9
A3FJE9AUW0O41D,aaaabababababab,baabaaabaaaabaa,2,9
A1U6A617Q95MTZ,aaaabababababab,baabaaabaaaabaa,4,9
A2LRC60NMMJHEW,aaaabababababab,baabaaabaaaabaa,2,9
A1ZB2NY0F9QNP0,aaaabababababab,baabaaabaaaabaa,1,9
A1ZB2NY0F9QNP0,aaaabababababab,baabaaabaaaabaa,2,9
A1WOV2JIV5I9VE,aaaabababababab,baabaaabaaaabaa,3,9
A3K2VLUT3MU9H2,aaaabababababab,baabaaabaaaabaa,2,9
A3RHGIM99R25Q9,aaaabababababab,baabaaabaaaabaa,4,9
AWCO7MG0BHSTQ,aaaabababababab,baabaaabaaaabaa,1,9
A32QJF67JMJFKX,aaaabababababab,baabaaabaaaabaa,2,9
A4J4GGMKJ68L0,aaaabababababab,baabaaabaaaabaa,2,9
A21ZMR7O42OSMI,bbbbaaaaaaaaaaa,baabaaabaaaabaa,2,8
A1OZPLHNIU1519,bbbbaaaaaaaaaaa,baabaaabaaaabaa,1,8
A39YBLQYIUBR76,bbbbaaaaaaaaaaa,baabaaabaaaabaa,2,8
A340UGIDGIF4W6,bbbbaaaaaaaaaaa,baabaaabaaaabaa,2,8
A7KLTVEIASF4J,bbbbaaaaaaaaaaa,baabaaabaaaabaa,3,8
A3MD34XEB4H6JF,bbbbaaaaaaaaaaa,baabaaabaaaabaa,1,8
A1X84T4EFW04GZ,bbbbaaaaaaaaaaa,baabaaabaaaabaa,4,8
AA7ASGQEOMKEZ,bbbbaaaaaaaaaaa,baabaaabaaaabaa,1,8
A38TZK07ON180S,bbbbaaaaaaaaaaa,baabaaabaaaabaa,2,8
A38TZK07ON180S,bbbbaaaaaaaaaaa,baabaaabaaaabaa,2,8
A1S3KHENQOCCVE,bbbbaaaaaaaaaaa,baabaaabaaaabaa,2,8
A1F1OZ54G177D8,bbbbaaaaaaaaaaa,baabaaabaaaabaa,1,8
A1F1OZ54G177D8,bbbbaaaaaaaaaaa,baabaaabaaaabaa,1,8
A4J4GGMKJ68L0,bbbbaaaaaaaaaaa,baabaaabaaaabaa,1,8
A1HN4550TIXQBZ,bbbbaaaaaaaaaaa,baabaaabaaaabaa,1,8
A1K8QNLYYYX21W,bbbbaaaaaaaaaaa,baabaaabaaaabaa,4,8
A2CHDWKAYZ3P3E,bbbbaaaaaaaaaaa,baabaaabaaaabaa,2,8
A39YBLQYIUBR76,babaababaababaa,aabaabaabaabaab,2,7
A2OTDMCV8CZWML,babaababaababaa,aabaabaabaabaab,4,7
A3QEVFM3UD67BA,babaababaababaa,aabaabaabaabaab,2,7
A3QEVFM3UD67BA,babaababaababaa,aabaabaabaabaab,2,7
A3FAH5S2RGZ5AK,babaababaababaa,aabaabaabaabaab,2,7
A3MD34XEB4H6JF,babaababaababaa,aabaabaabaabaab,4,7
A3FBV53GPOAG8X,babaababaababaa,aabaabaabaabaab,5,7
A1X84T4EFW04GZ,babaababaababaa,aabaabaabaabaab,4,7
A245RS8249R2TA,babaababaababaa,aabaabaabaabaab,2,7
A1F1OZ54G177D8,babaababaababaa,aabaabaabaabaab,4,7
A2DXSHR0ZWHIYD,babaababaababaa,aabaabaabaabaab,4,7
AWCO7MG0BHSTQ,babaababaababaa,aabaabaabaabaab,2,7
A3KVNVHIYT3JI8,babaababaababaa,aabaabaabaabaab,5,7
A19M261KRLO5YZ,babaababaababaa,ababbababbababb,3,2
A1MYDAL453CN5Q,babaababaababaa,ababbababbababb,4,2
A1DKVUTOBPQH11,babaababaababaa,ababbababbababb,5,2
A21SIPO89DP66I,babaababaababaa,ababbababbababb,4,2
A109MLAWERUIBG,babaababaababaa,ababbababbababb,4,2
A1G187YBG0DVMQ,babaababaababaa,ababbababbababb,4,2
A7KLTVEIASF4J,babaababaababaa,ababbababbababb,2,2
A2OTDMCV8CZWML,babaababaababaa,ababbababbababb,4,2
A2OTDMCV8CZWML,babaababaababaa,ababbababbababb,4,2
A3QEVFM3UD67BA,babaababaababaa,ababbababbababb,2,2
A3L2UB07EZJAMD,babaababaababaa,ababbababbababb,4,2
A3L2UB07EZJAMD,babaababaababaa,ababbababbababb,4,2
A3MD34XEB4H6JF,babaababaababaa,ababbababbababb,4,2
A38TZK07ON180S,babaababaababaa,ababbababbababb,4,2
A245RS8249R2TA,babaababaababaa,ababbababbababb,1,2
A245RS8249R2TA,babaababaababaa,ababbababbababb,1,2
A2S8ZTPKX3B928,babaababaababaa,ababbababbababb,4,2
A2OVX9UW5WANQE,babaababaababaa,ababbababbababb,4,2
A3843S9LWPDN2K,babaababaababaa,ababbababbababb,2,2
A3843S9LWPDN2K,babaababaababaa,ababbababbababb,5,2
A12R2U6TBB3OOG,babaababaababaa,ababbababbababb,4,2
A1K8QNLYYYX21W,babaababaababaa,ababbababbababb,4,2
A21SIPO89DP66I,bbbbaaaaaaaaaaa,aaaaaabbbbbbbbb,3,6
A2WGW5Y3ZFBDEC,bbbbaaaaaaaaaaa,aaaaaabbbbbbbbb,4,6
A109MLAWERUIBG,bbbbaaaaaaaaaaa,aaaaaabbbbbbbbb,4,6
A39YBLQYIUBR76,bbbbaaaaaaaaaaa,aaaaaabbbbbbbbb,4,6
A2TBXASXZIRNNW,bbbbaaaaaaaaaaa,aaaaaabbbbbbbbb,3,6
A7KLTVEIASF4J,bbbbaaaaaaaaaaa,aaaaaabbbbbbbbb,3,6
A3FJE9AUW0O41D,bbbbaaaaaaaaaaa,aaaaaabbbbbbbbb,1,6
ADGQOL6YC087W,bbbbaaaaaaaaaaa,aaaaaabbbbbbbbb,2,6
A3L2UB07EZJAMD,bbbbaaaaaaaaaaa,aaaaaabbbbbbbbb,4,6
A245RS8249R2TA,bbbbaaaaaaaaaaa,aaaaaabbbbbbbbb,1,6
A2S8ZTPKX3B928,bbbbaaaaaaaaaaa,aaaaaabbbbbbbbb,4,6
A1WOV2JIV5I9VE,bbbbaaaaaaaaaaa,aaaaaabbbbbbbbb,1,6
A3RHGIM99R25Q9,bbbbaaaaaaaaaaa,aaaaaabbbbbbbbb,1,6
A2WCXJZEXXR60A,bbbbaaaaaaaaaaa,aaaaaabbbbbbbbb,2,6
A34VY22YEREOOI,bbbbaaaaaaaaaaa,aaaaaabbbbbbbbb,1,6
A3PC7DYXJW4I2Z,bbbbaaaaaaaaaaa,aaaaaabbbbbbbbb,3,6
A1HN4550TIXQBZ,bbbbaaaaaaaaaaa,aaaaaabbbbbbbbb,5,6
A12R2U6TBB3OOG,bbbbaaaaaaaaaaa,aaaaaabbbbbbbbb,2,6
A2CHDWKAYZ3P3E,bbbbaaaaaaaaaaa,aaaaaabbbbbbbbb,1,6
A1G187YBG0DVMQ,abaabaaabaaaaba,ababbababbababb,1,8
A3QEVFM3UD67BA,abaabaaabaaaaba,ababbababbababb,4,8
A3MD34XEB4H6JF,abaabaaabaaaaba,ababbababbababb,2,8
A21EFJ972J40T6,abaabaaabaaaaba,ababbababbababb,2,8
A1S3KHENQOCCVE,abaabaaabaaaaba,ababbababbababb,2,8
A1S3KHENQOCCVE,abaabaaabaaaaba,ababbababbababb,2,8
A1F1OZ54G177D8,abaabaaabaaaaba,ababbababbababb,3,8
A2S8ZTPKX3B928,abaabaaabaaaaba,ababbababbababb,1,8
A1WOV2JIV5I9VE,abaabaaabaaaaba,ababbababbababb,2,8
AWCO7MG0BHSTQ,abaabaaabaaaaba,ababbababbababb,2,8
A3843S9LWPDN2K,abaabaaabaaaaba,ababbababbababb,2,8
A34VY22YEREOOI,abaabaaabaaaaba,ababbababbababb,1,8
A3PC7DYXJW4I2Z,abaabaaabaaaaba,ababbababbababb,3,8
A19M261KRLO5YZ,babaababaababaa,bbaaabbaaabbaaa,2,12
A21ZMR7O42OSMI,babaababaababaa,bbaaabbaaabbaaa,4,12
A2OTDMCV8CZWML,babaababaababaa,bbaaabbaaabbaaa,4,12
A3QEVFM3UD67BA,babaababaababaa,bbaaabbaaabbaaa,1,12
ADGQOL6YC087W,babaababaababaa,bbaaabbaaabbaaa,2,12
AETIZKQNUSBLB,babaababaababaa,bbaaabbaaabbaaa,2,12
A3FBV53GPOAG8X,babaababaababaa,bbaaabbaaabbaaa,4,12
A10DEO061A6L3O,babaababaababaa,bbaaabbaaabbaaa,5,12
A21EFJ972J40T6,babaababaababaa,bbaaabbaaabbaaa,4,12
AA7ASGQEOMKEZ,babaababaababaa,bbaaabbaaabbaaa,3,12
A38TZK07ON180S,babaababaababaa,bbaaabbaaabbaaa,4,12
A2S8ZTPKX3B928,babaababaababaa,bbaaabbaaabbaaa,4,12
A3RHGIM99R25Q9,babaababaababaa,bbaaabbaaabbaaa,4,12
A1K8QNLYYYX21W,babaababaababaa,bbaaabbaaabbaaa,4,12
A1MYDAL453CN5Q,babaababaababaa,baabaaabaaaabaa,4,11
A21SIPO89DP66I,babaababaababaa,baabaaabaaaabaa,1,11
A3RS7UCO7CQ74R,babaababaababaa,baabaaabaaaabaa,4,11
A3W24IE6P9O302,babaababaababaa,baabaaabaaaabaa,4,11
A21ZMR7O42OSMI,babaababaababaa,baabaaabaaaabaa,4,11
A340UGIDGIF4W6,babaababaababaa,baabaaabaaaabaa,2,11
A3FJE9AUW0O41D,babaababaababaa,baabaaabaaaabaa,4,11
A3FBV53GPOAG8X,babaababaababaa,baabaaabaaaabaa,4,11
A1DDBGQDMZZ1VW,babaababaababaa,baabaaabaaaabaa,3,11
AA7ASGQEOMKEZ,babaababaababaa,baabaaabaaaabaa,3,11
A2DXSHR0ZWHIYD,babaababaababaa,baabaaabaaaabaa,3,11
A2YVC1U50H2B4R,babaababaababaa,baabaaabaaaabaa,4,11
A2OVX9UW5WANQE,babaababaababaa,baabaaabaaaabaa,4,11
A34VY22YEREOOI,babaababaababaa,baabaaabaaaabaa,2,11
A12R2U6TBB3OOG,babaababaababaa,baabaaabaaaabaa,4,11
A19M261KRLO5YZ,aaaabababababab,aabaabaabaabaab,2,6
A3RS7UCO7CQ74R,aaaabababababab,aabaabaabaabaab,3,6
A3RS7UCO7CQ74R,aaaabababababab,aabaabaabaabaab,4,6
A109MLAWERUIBG,aaaabababababab,aabaabaabaabaab,2,6
A21ZMR7O42OSMI,aaaabababababab,aabaabaabaabaab,4,6
A7KLTVEIASF4J,aaaabababababab,aabaabaabaabaab,2,6
A10DEO061A6L3O,aaaabababababab,aabaabaabaabaab,4,6
A8TK3JACM5EM,aaaabababababab,aabaabaabaabaab,4,6
A3PC7DYXJW4I2Z,aaaabababababab,aabaabaabaabaab,4,6
A1OZPLHNIU1519,babaababaababaa,bbbbbababababab,4,12
A7KLTVEIASF4J,babaababaababaa,bbbbbababababab,1,12
A2OTDMCV8CZWML,babaababaababaa,bbbbbababababab,2,12
A3FAH5S2RGZ5AK,babaababaababaa,bbbbbababababab,1,12
A1S3KHENQOCCVE,babaababaababaa,bbbbbababababab,2,12
A245RS8249R2TA,babaababaababaa,bbbbbababababab,1,12
A2DXSHR0ZWHIYD,babaababaababaa,bbbbbababababab,2,12
A2YVC1U50H2B4R,babaababaababaa,bbbbbababababab,2,12
A2YVC1U50H2B4R,babaababaababaa,bbbbbababababab,1,12
A2WCXJZEXXR60A,babaababaababaa,bbbbbababababab,1,12
A32QJF67JMJFKX,babaababaababaa,bbbbbababababab,2,12
